t,T
0.00,9688.00
0.10,2640.64
0.20,2601.74
0.30,2565.09
0.40,2530.45
0.50,2497.65
0.60,2466.52
0.70,2436.91
0.80,2408.70
0.90,2381.77
1.00,2356.02
1.10,2331.37
1.20,2307.74
1.30,2285.05
1.40,2263.24
1.50,2242.25
1.60,2222.03
1.70,2202.52
1.80,2183.70
1.90,2165.51
2.00,2147.91
2.10,2130.89
2.20,2114.39
2.30,2098.40
2.40,2082.89
2.50,2067.83
2.60,2053.21
2.70,2038.99
2.80,2025.16
2.90,2011.71
3.00,1998.60
3.10,1985.84
3.20,1973.40
3.30,1961.26
3.40,1949.43
3.50,1937.87
3.60,1926.59
3.70,1915.57
3.80,1904.80
3.90,1894.27
4.00,1883.97
4.10,1873.89
4.20,1864.02
4.30,1854.37
4.40,1844.91
4.50,1835.64
4.60,1826.56
4.70,1817.65
4.80,1808.92
4.90,1800.35
5.00,1791.95
5.10,1783.70
5.20,1775.60
5.30,1767.65
5.40,1759.84
5.50,1752.17
5.60,1744.63
5.70,1737.21
5.80,1729.93
5.90,1722.76
6.00,1715.72
6.10,1708.78
6.20,1701.96
6.30,1695.25
6.40,1688.64
6.50,1682.14
6.60,1675.73
6.70,1669.42
6.80,1663.21
6.90,1657.09
7.00,1651.06
7.10,1645.11
7.20,1639.25
7.30,1633.48
7.40,1627.78
7.50,1622.16
7.60,1616.62
7.70,1611.16
7.80,1605.77
7.90,1600.45
8.00,1595.20
8.10,1590.02
8.20,1584.91
8.30,1579.86
8.40,1574.88
8.50,1569.96
8.60,1565.09
8.70,1560.29
8.80,1555.55
8.90,1550.87
9.00,1546.24
9.10,1541.67
9.20,1537.15
9.30,1532.68
9.40,1528.27
9.50,1523.90
9.60,1519.59
9.70,1515.32
9.80,1511.11
9.90,1506.93
10.00,1502.81
10.10,1498.73
10.20,1494.69
10.30,1490.70
10.40,1486.75
10.50,1482.84
10.60,1478.97
10.70,1475.14
10.80,1471.36
10.90,1467.61
11.00,1463.90
11.10,1460.22
11.20,1456.58
11.30,1452.98
11.40,1449.42
11.50,1445.89
11.60,1442.39
11.70,1438.93
11.80,1435.50
11.90,1432.10
12.00,1428.74
12.10,1425.40
12.20,1422.10
12.30,1418.83
12.40,1415.59
12.50,1412.37
12.60,1409.19
12.70,1406.04
12.80,1402.91
12.90,1399.81
13.00,1396.74
13.10,1393.69
13.20,1390.68
13.30,1387.68
13.40,1384.72
13.50,1381.78
13.60,1378.86
13.70,1375.97
13.80,1373.10
13.90,1370.26
14.00,1367.44
14.10,1364.64
14.20,1361.86
14.30,1359.11
14.40,1356.38
14.50,1353.67
14.60,1350.99
14.70,1348.32
14.80,1345.68
14.90,1343.06
15.00,1340.45
15.10,1337.87
15.20,1335.31
15.30,1332.76
15.40,1330.24
15.50,1327.74
15.60,1325.25
15.70,1322.78
15.80,1320.33
15.90,1317.90
16.00,1315.49
16.10,1313.09
16.20,1310.71
16.30,1308.35
16.40,1306.01
16.50,1303.68
16.60,1301.37
16.70,1299.08
16.80,1296.80
16.90,1294.53
17.00,1292.29
17.10,1290.06
17.20,1287.84
17.30,1285.64
17.40,1283.45
17.50,1281.28
17.60,1279.13
17.70,1276.99
17.80,1274.86
17.90,1272.75
18.00,1270.65
18.10,1268.56
18.20,1266.49
18.30,1264.43
18.40,1262.39
18.50,1260.35
18.60,1258.34
18.70,1256.33
18.80,1254.34
18.90,1252.36
19.00,1250.39
19.10,1248.43
19.20,1246.49
19.30,1244.56
19.40,1242.64
19.50,1240.73
19.60,1238.84
19.70,1236.95
19.80,1235.08
19.90,1233.22
20.00,1231.37
20.10,1229.53
20.20,1227.70
20.30,1225.88
20.40,1224.08
20.50,1222.28
20.60,1220.49
20.70,1218.72
20.80,1216.95
20.90,1215.20
21.00,1213.45
21.10,1211.72
21.20,1210.00
21.30,1208.28
21.40,1206.58
21.50,1204.88
21.60,1203.19
21.70,1201.52
21.80,1199.85
21.90,1198.19
22.00,1196.54
22.10,1194.90
22.20,1193.27
22.30,1191.65
22.40,1190.04
22.50,1188.43
22.60,1186.84
22.70,1185.25
22.80,1183.67
22.90,1182.10
23.00,1180.54
23.10,1178.98
23.20,1177.44
23.30,1175.90
23.40,1174.37
23.50,1172.85
23.60,1171.34
23.70,1169.83
23.80,1168.33
23.90,1166.84
24.00,1165.36
24.10,1163.88
24.20,1162.41
24.30,1160.95
24.40,1159.50
24.50,1158.05
24.60,1156.62
24.70,1155.18
24.80,1153.76
24.90,1152.34
25.00,1150.93
25.10,1149.53
25.20,1148.13
25.30,1146.74
25.40,1145.36
25.50,1143.98
25.60,1142.61
25.70,1141.25
25.80,1139.89
25.90,1138.54
26.00,1137.19
26.10,1135.86
26.20,1134.53
26.30,1133.20
26.40,1131.88
26.50,1130.57
26.60,1129.26
26.70,1127.96
26.80,1126.66
26.90,1125.38
27.00,1124.09
27.10,1122.82
27.20,1121.54
27.30,1120.28
27.40,1119.02
27.50,1117.76
27.60,1116.51
27.70,1115.27
27.80,1114.03
27.90,1112.80
28.00,1111.57
28.10,1110.35
28.20,1109.14
28.30,1107.93
28.40,1106.72
28.50,1105.52
28.60,1104.33
28.70,1103.14
28.80,1101.95
28.90,1100.77
29.00,1099.60
29.10,1098.43
29.20,1097.26
29.30,1096.10
29.40,1094.95
29.50,1093.80
29.60,1092.65
29.70,1091.51
29.80,1090.38
29.90,1089.25
30.00,1088.12
30.10,1087.00
30.20,1085.88
30.30,1084.77
30.40,1083.66
30.50,1082.56
30.60,1081.46
30.70,1080.37
30.80,1079.28
30.90,1078.19
31.00,1077.11
31.10,1076.03
31.20,1074.96
31.30,1073.89
31.40,1072.83
31.50,1071.77
31.60,1070.71
31.70,1069.66
31.80,1068.61
31.90,1067.57
32.00,1066.53
32.10,1065.50
32.20,1064.47
32.30,1063.44
32.40,1062.42
32.50,1061.40
32.60,1060.38
32.70,1059.37
32.80,1058.36
32.90,1057.36
33.00,1056.36
33.10,1055.36
33.20,1054.37
33.30,1053.38
33.40,1052.40
33.50,1051.41
33.60,1050.44
33.70,1049.46
33.80,1048.49
33.90,1047.53
34.00,1046.56
34.10,1045.60
34.20,1044.65
34.30,1043.69
34.40,1042.74
34.50,1041.80
34.60,1040.86
34.70,1039.92
34.80,1038.98
34.90,1038.05
35.00,1037.12
35.10,1036.19
35.20,1035.27
35.30,1034.35
35.40,1033.44
35.50,1032.53
35.60,1031.62
35.70,1030.71
35.80,1029.81
35.90,1028.91
36.00,1028.01
36.10,1027.12
36.20,1026.23
36.30,1025.34
36.40,1024.46
36.50,1023.57
36.60,1022.70
36.70,1021.82
36.80,1020.95
36.90,1020.08
37.00,1019.21
37.10,1018.35
37.20,1017.49
37.30,1016.63
37.40,1015.78
37.50,1014.93
37.60,1014.08
37.70,1013.23
37.80,1012.39
37.90,1011.55
38.00,1010.71
38.10,1009.88
38.20,1009.04
38.30,1008.21
38.40,1007.39
38.50,1006.56
38.60,1005.74
38.70,1004.92
38.80,1004.11
38.90,1003.29
39.00,1002.48
39.10,1001.68
39.20,1000.87
39.30,1000.07
39.40,999.27
39.50,998.47
39.60,997.67
39.70,996.88
39.80,996.09
39.90,995.30
40.00,994.52
40.10,993.74
40.20,992.96
40.30,992.18
40.40,991.40
40.50,990.63
40.60,989.86
40.70,989.09
40.80,988.33
40.90,987.56
41.00,986.80
41.10,986.04
41.20,985.29
41.30,984.53
41.40,983.78
41.50,983.03
41.60,982.29
41.70,981.54
41.80,980.80
41.90,980.06
42.00,979.32
42.10,978.58
42.20,977.85
42.30,977.12
42.40,976.39
42.50,975.66
42.60,974.94
42.70,974.22
42.80,973.49
42.90,972.78
43.00,972.06
43.10,971.35
43.20,970.63
43.30,969.92
43.40,969.22
43.50,968.51
43.60,967.81
43.70,967.10
43.80,966.40
43.90,965.71
44.00,965.01
44.10,964.32
44.20,963.62
44.30,962.93
44.40,962.25
44.50,961.56
44.60,960.88
44.70,960.20
44.80,959.52
44.90,958.84
45.00,958.16
45.10,957.49
45.20,956.81
45.30,956.14
45.40,955.47
45.50,954.81
45.60,954.14
45.70,953.48
45.80,952.82
45.90,952.16
46.00,951.50
46.10,950.85
46.20,950.19
46.30,949.54
46.40,948.89
46.50,948.24
46.60,947.59
46.70,946.95
46.80,946.31
46.90,945.66
47.00,945.03
47.10,944.39
47.20,943.75
47.30,943.12
47.40,942.48
47.50,941.85
47.60,941.22
47.70,940.59
47.80,939.97
47.90,939.34
48.00,938.72
48.10,938.10
48.20,937.48
48.30,936.86
48.40,936.25
48.50,935.63
48.60,935.02
48.70,934.41
48.80,933.80
48.90,933.19
49.00,932.58
49.10,931.98
49.20,931.37
49.30,930.77
49.40,930.17
49.50,929.57
49.60,928.97
49.70,928.38
49.80,927.78
49.90,927.19
50.00,926.60
50.10,926.01
50.20,925.42
50.30,924.84
50.40,924.25
50.50,923.67
50.60,923.08
50.70,922.50
50.80,921.92
50.90,921.35
51.00,920.77
51.10,920.19
51.20,919.62
51.30,919.05
51.40,918.48
51.50,917.91
51.60,917.34
51.70,916.77
51.80,916.21
51.90,915.65
52.00,915.08
52.10,914.52
52.20,913.96
52.30,913.40
52.40,912.85
52.50,912.29
52.60,911.74
52.70,911.19
52.80,910.63
52.90,910.08
53.00,909.53
53.10,908.99
53.20,908.44
53.30,907.90
53.40,907.35
53.50,906.81
53.60,906.27
53.70,905.73
53.80,905.19
53.90,904.65
54.00,904.12
54.10,903.58
54.20,903.05
54.30,902.52
54.40,901.99
54.50,901.46
54.60,900.93
54.70,900.40
54.80,899.88
54.90,899.35
55.00,898.83
55.10,898.31
55.20,897.79
55.30,897.27
55.40,896.75
55.50,896.23
55.60,895.71
55.70,895.20
55.80,894.69
55.90,894.17
56.00,893.66
56.10,893.15
56.20,892.64
56.30,892.13
56.40,891.63
56.50,891.12
56.60,890.62
56.70,890.11
56.80,889.61
56.90,889.11
57.00,888.61
57.10,888.11
57.20,887.61
57.30,887.12
57.40,886.62
57.50,886.13
57.60,885.63
57.70,885.14
57.80,884.65
57.90,884.16
58.00,883.67
58.10,883.18
58.20,882.70
58.30,882.21
58.40,881.73
58.50,881.24
58.60,880.76
58.70,880.28
58.80,879.80
58.90,879.32
59.00,878.84
59.10,878.37
59.20,877.89
59.30,877.41
59.40,876.94
59.50,876.47
59.60,875.99
59.70,875.52
59.80,875.05
59.90,874.58
60.00,874.12
60.10,873.65
60.20,873.18
60.30,872.72
60.40,872.25
60.50,871.79
60.60,871.33
60.70,870.87
60.80,870.41
60.90,869.95
61.00,869.49
61.10,869.03
61.20,868.58
61.30,868.12
61.40,867.67
61.50,867.21
61.60,866.76
61.70,866.31
61.80,865.86
61.90,865.41
62.00,864.96
62.10,864.51
62.20,864.07
62.30,863.62
62.40,863.18
62.50,862.73
62.60,862.29
62.70,861.85
62.80,861.40
62.90,860.96
63.00,860.52
63.10,860.09
63.20,859.65
63.30,859.21
63.40,858.77
63.50,858.34
63.60,857.91
63.70,857.47
63.80,857.04
63.90,856.61
64.00,856.18
64.10,855.75
64.20,855.32
64.30,854.89
64.40,854.46
64.50,854.04
64.60,853.61
64.70,853.19
64.80,852.76
64.90,852.34
65.00,851.92
65.10,851.50
65.20,851.07
65.30,850.66
65.40,850.24
65.50,849.82
65.60,849.40
65.70,848.98
65.80,848.57
65.90,848.15
66.00,847.74
66.10,847.33
66.20,846.91
66.30,846.50
66.40,846.09
66.50,845.68
66.60,845.27
66.70,844.86
66.80,844.46
66.90,844.05
67.00,843.64
67.10,843.24
67.20,842.83
67.30,842.43
67.40,842.03
67.50,841.63
67.60,841.22
67.70,840.82
67.80,840.42
67.90,840.02
68.00,839.63
68.10,839.23
68.20,838.83
68.30,838.44
68.40,838.04
68.50,837.65
68.60,837.25
68.70,836.86
68.80,836.47
68.90,836.07
69.00,835.68
69.10,835.29
69.20,834.90
69.30,834.52
69.40,834.13
69.50,833.74
69.60,833.35
69.70,832.97
69.80,832.58
69.90,832.20
70.00,831.81
70.10,831.43
70.20,831.05
70.30,830.67
70.40,830.29
70.50,829.91
70.60,829.53
70.70,829.15
70.80,828.77
70.90,828.39
71.00,828.02
71.10,827.64
71.20,827.26
71.30,826.89
71.40,826.52
71.50,826.14
71.60,825.77
71.70,825.40
71.80,825.03
71.90,824.66
72.00,824.29
72.10,823.92
72.20,823.55
72.30,823.18
72.40,822.81
72.50,822.45
72.60,822.08
72.70,821.71
72.80,821.35
72.90,820.99
73.00,820.62
73.10,820.26
73.20,819.90
73.30,819.54
73.40,819.18
73.50,818.81
73.60,818.46
73.70,818.10
73.80,817.74
73.90,817.38
74.00,817.02
74.10,816.67
74.20,816.31
74.30,815.96
74.40,815.60
74.50,815.25
74.60,814.89
74.70,814.54
74.80,814.19
74.90,813.84
75.00,813.49
75.10,813.14
75.20,812.79
75.30,812.44
75.40,812.09
75.50,811.74
75.60,811.39
75.70,811.05
75.80,810.70
75.90,810.35
76.00,810.01
76.10,809.67
76.20,809.32
76.30,808.98
76.40,808.64
76.50,808.29
76.60,807.95
76.70,807.61
76.80,807.27
76.90,806.93
77.00,806.59
77.10,806.25
77.20,805.92
77.30,805.58
77.40,805.24
77.50,804.90
77.60,804.57
77.70,804.23
77.80,803.90
77.90,803.56
78.00,803.23
78.10,802.90
78.20,802.57
78.30,802.23
78.40,801.90
78.50,801.57
78.60,801.24
78.70,800.91
78.80,800.58
78.90,800.25
79.00,799.93
79.10,799.60
79.20,799.27
79.30,798.94
79.40,798.62
79.50,798.29
79.60,797.97
79.70,797.64
79.80,797.32
79.90,797.00
80.00,796.67
80.10,796.35
80.20,796.03
80.30,795.71
80.40,795.39
80.50,795.07
80.60,794.75
80.70,794.43
80.80,794.11
80.90,793.79
81.00,793.47
81.10,793.16
81.20,792.84
81.30,792.52
81.40,792.21
81.50,791.89
81.60,791.58
81.70,791.27
81.80,790.95
81.90,790.64
82.00,790.33
82.10,790.01
82.20,789.70
82.30,789.39
82.40,789.08
82.50,788.77
82.60,788.46
82.70,788.15
82.80,787.84
82.90,787.53
83.00,787.23
83.10,786.92
83.20,786.61
83.30,786.31
83.40,786.00
83.50,785.70
83.60,785.39
83.70,785.09
83.80,784.78
83.90,784.48
84.00,784.18
84.10,783.87
84.20,783.57
84.30,783.27
84.40,782.97
84.50,782.67
84.60,782.37
84.70,782.07
84.80,781.77
84.90,781.47
85.00,781.17
85.10,780.87
85.20,780.58
85.30,780.28
85.40,779.98
85.50,779.69
85.60,779.39
85.70,779.10
85.80,778.80
85.90,778.51
86.00,778.21
86.10,777.92
86.20,777.63
86.30,777.33
86.40,777.04
86.50,776.75
86.60,776.46
86.70,776.17
86.80,775.88
86.90,775.59
87.00,775.30
87.10,775.01
87.20,774.72
87.30,774.43
87.40,774.14
87.50,773.86
87.60,773.57
87.70,773.28
87.80,773.00
87.90,772.71
88.00,772.43
88.10,772.14
88.20,771.86
88.30,771.57
88.40,771.29
88.50,771.01
88.60,770.72
88.70,770.44
88.80,770.16
88.90,769.88
89.00,769.60
89.10,769.32
89.20,769.04
89.30,768.76
89.40,768.48
89.50,768.20
89.60,767.92
89.70,767.64
89.80,767.36
89.90,767.09
90.00,766.81
90.10,766.53
90.20,766.26
90.30,765.98
90.40,765.71
90.50,765.43
90.60,765.16
90.70,764.88
90.80,764.61
90.90,764.34
91.00,764.06
91.10,763.79
91.20,763.52
91.30,763.25
91.40,762.97
91.50,762.70
91.60,762.43
91.70,762.16
91.80,761.89
91.90,761.62
92.00,761.35
92.10,761.08
92.20,760.82
92.30,760.55
92.40,760.28
92.50,760.01
92.60,759.75
92.70,759.48
92.80,759.21
92.90,758.95
93.00,758.68
93.10,758.42
93.20,758.15
93.30,757.89
93.40,757.62
93.50,757.36
93.60,757.10
93.70,756.83
93.80,756.57
93.90,756.31
94.00,756.05
94.10,755.79
94.20,755.53
94.30,755.26
94.40,755.00
94.50,754.74
94.60,754.48
94.70,754.23
94.80,753.97
94.90,753.71
95.00,753.45
95.10,753.19
95.20,752.93
95.30,752.68
95.40,752.42
95.50,752.16
95.60,751.91
95.70,751.65
95.80,751.40
95.90,751.14
96.00,750.89
96.10,750.63
96.20,750.38
96.30,750.13
96.40,749.87
96.50,749.62
96.60,749.37
96.70,749.11
96.80,748.86
96.90,748.61
97.00,748.36
97.10,748.11
97.20,747.86
97.30,747.61
97.40,747.36
97.50,747.11
97.60,746.86
97.70,746.61
97.80,746.36
97.90,746.11
98.00,745.87
98.10,745.62
98.20,745.37
98.30,745.12
98.40,744.88
98.50,744.63
98.60,744.39
98.70,744.14
98.80,743.89
98.90,743.65
99.00,743.40
99.10,743.16
99.20,742.92
99.30,742.67
99.40,742.43
99.50,742.19
99.60,741.94
99.70,741.70
99.80,741.46
99.90,741.22
100.00,740.98
100.10,740.73
100.20,740.49
100.30,740.25
100.40,740.01
100.50,739.77
100.60,739.53
100.70,739.29
100.80,739.06
100.90,738.82
101.00,738.58
101.10,738.34
101.20,738.10
101.30,737.86
101.40,737.63
101.50,737.39
101.60,737.15
101.70,736.92
101.80,736.68
101.90,736.45
102.00,736.21
102.10,735.98
102.20,735.74
102.30,735.51
102.40,735.27
102.50,735.04
102.60,734.81
102.70,734.57
102.80,734.34
102.90,734.11
103.00,733.87
103.10,733.64
103.20,733.41
103.30,733.18
103.40,732.95
103.50,732.72
103.60,732.49
103.70,732.26
103.80,732.03
103.90,731.80
104.00,731.57
104.10,731.34
104.20,731.11
104.30,730.88
104.40,730.65
104.50,730.42
104.60,730.20
104.70,729.97
104.80,729.74
104.90,729.52
105.00,729.29
105.10,729.06
105.20,728.84
105.30,728.61
105.40,728.38
105.50,728.16
105.60,727.93
105.70,727.71
105.80,727.49
105.90,727.26
106.00,727.04
106.10,726.81
106.20,726.59
106.30,726.37
106.40,726.15
106.50,725.92
106.60,725.70
106.70,725.48
106.80,725.26
106.90,725.04
107.00,724.82
107.10,724.59
107.20,724.37
107.30,724.15
107.40,723.93
107.50,723.71
107.60,723.49
107.70,723.28
107.80,723.06
107.90,722.84
108.00,722.62
108.10,722.40
108.20,722.18
108.30,721.97
108.40,721.75
108.50,721.53
108.60,721.31
108.70,721.10
108.80,720.88
108.90,720.67
109.00,720.45
109.10,720.23
109.20,720.02
109.30,719.80
109.40,719.59
109.50,719.37
109.60,719.16
109.70,718.95
109.80,718.73
109.90,718.52
110.00,718.31
110.10,718.09
110.20,717.88
110.30,717.67
110.40,717.46
110.50,717.24
110.60,717.03
110.70,716.82
110.80,716.61
110.90,716.40
111.00,716.19
111.10,715.98
111.20,715.77
111.30,715.56
111.40,715.35
111.50,715.14
111.60,714.93
111.70,714.72
111.80,714.51
111.90,714.30
112.00,714.09
112.10,713.89
112.20,713.68
112.30,713.47
112.40,713.26
112.50,713.06
112.60,712.85
112.70,712.64
112.80,712.44
112.90,712.23
113.00,712.02
113.10,711.82
113.20,711.61
113.30,711.41
113.40,711.20
113.50,711.00
113.60,710.79
113.70,710.59
113.80,710.39
113.90,710.18
114.00,709.98
114.10,709.78
114.20,709.57
114.30,709.37
114.40,709.17
114.50,708.96
114.60,708.76
114.70,708.56
114.80,708.36
114.90,708.16
115.00,707.96
115.10,707.76
115.20,707.55
115.30,707.35
115.40,707.15
115.50,706.95
115.60,706.75
115.70,706.55
115.80,706.36
115.90,706.16
116.00,705.96
116.10,705.76
116.20,705.56
116.30,705.36
116.40,705.16
116.50,704.97
116.60,704.77
116.70,704.57
116.80,704.37
116.90,704.18
117.00,703.98
117.10,703.78
117.20,703.59
117.30,703.39
117.40,703.20
117.50,703.00
117.60,702.80
117.70,702.61
117.80,702.41
117.90,702.22
118.00,702.02
118.10,701.83
118.20,701.64
118.30,701.44
118.40,701.25
118.50,701.06
118.60,700.86
118.70,700.67
118.80,700.48
118.90,700.28
119.00,700.09
119.10,699.90
119.20,699.71
119.30,699.52
119.40,699.32
119.50,699.13
119.60,698.94
119.70,698.75
119.80,698.56
119.90,698.37
120.00,698.18
120.10,697.99
120.20,697.80
120.30,697.61
120.40,697.42
120.50,697.23
120.60,697.04
120.70,696.85
120.80,696.66
120.90,696.48
121.00,696.29
121.10,696.10
121.20,695.91
121.30,695.72
121.40,695.54
121.50,695.35
121.60,695.16
121.70,694.98
121.80,694.79
121.90,694.60
122.00,694.42
122.10,694.23
122.20,694.04
122.30,693.86
122.40,693.67
122.50,693.49
122.60,693.30
122.70,693.12
122.80,692.93
122.90,692.75
123.00,692.56
123.10,692.38
123.20,692.20
123.30,692.01
123.40,691.83
123.50,691.65
123.60,691.46
123.70,691.28
123.80,691.10
123.90,690.92
124.00,690.73
124.10,690.55
124.20,690.37
124.30,690.19
124.40,690.01
124.50,689.82
124.60,689.64
124.70,689.46
124.80,689.28
124.90,689.10
125.00,688.92
125.10,688.74
125.20,688.56
125.30,688.38
125.40,688.20
125.50,688.02
125.60,687.84
125.70,687.66
125.80,687.48
125.90,687.31
126.00,687.13
126.10,686.95
126.20,686.77
126.30,686.59
126.40,686.41
126.50,686.24
126.60,686.06
126.70,685.88
126.80,685.71
126.90,685.53
127.00,685.35
127.10,685.18
127.20,685.00
127.30,684.82
127.40,684.65
127.50,684.47
127.60,684.30
127.70,684.12
127.80,683.95
127.90,683.77
128.00,683.60
128.10,683.42
128.20,683.25
128.30,683.07
128.40,682.90
128.50,682.72
128.60,682.55
128.70,682.38
128.80,682.20
128.90,682.03
129.00,681.86
129.10,681.68
129.20,681.51
129.30,681.34
129.40,681.17
129.50,680.99
129.60,680.82
129.70,680.65
129.80,680.48
129.90,680.31
130.00,680.13
130.10,679.96
130.20,679.79
130.30,679.62
130.40,679.45
130.50,679.28
130.60,679.11
130.70,678.94
130.80,678.77
130.90,678.60
131.00,678.43
131.10,678.26
131.20,678.09
131.30,677.92
131.40,677.75
131.50,677.58
131.60,677.42
131.70,677.25
131.80,677.08
131.90,676.91
132.00,676.74
132.10,676.58
132.20,676.41
132.30,676.24
132.40,676.07
132.50,675.91
132.60,675.74
132.70,675.57
132.80,675.41
132.90,675.24
133.00,675.07
133.10,674.91
133.20,674.74
133.30,674.57
133.40,674.41
133.50,674.24
133.60,674.08
133.70,673.91
133.80,673.75
133.90,673.58
134.00,673.42
134.10,673.25
134.20,673.09
134.30,672.93
134.40,672.76
134.50,672.60
134.60,672.43
134.70,672.27
134.80,672.11
134.90,671.94
135.00,671.78
135.10,671.62
135.20,671.45
135.30,671.29
135.40,671.13
135.50,670.97
135.60,670.81
135.70,670.64
135.80,670.48
135.90,670.32
136.00,670.16
136.10,670.00
136.20,669.84
136.30,669.67
136.40,669.51
136.50,669.35
136.60,669.19
136.70,669.03
136.80,668.87
136.90,668.71
137.00,668.55
137.10,668.39
137.20,668.23
137.30,668.07
137.40,667.91
137.50,667.75
137.60,667.60
137.70,667.44
137.80,667.28
137.90,667.12
138.00,666.96
138.10,666.80
138.20,666.64
138.30,666.49
138.40,666.33
138.50,666.17
138.60,666.01
138.70,665.86
138.80,665.70
138.90,665.54
139.00,665.38
139.10,665.23
139.20,665.07
139.30,664.91
139.40,664.76
139.50,664.60
139.60,664.45
139.70,664.29
139.80,664.13
139.90,663.98
140.00,663.82
140.10,663.67
140.20,663.51
140.30,663.36
140.40,663.20
140.50,663.05
140.60,662.89
140.70,662.74
140.80,662.58
140.90,662.43
141.00,662.28
141.10,662.12
141.20,661.97
141.30,661.81
141.40,661.66
141.50,661.51
141.60,661.35
141.70,661.20
141.80,661.05
141.90,660.90
142.00,660.74
142.10,660.59
142.20,660.44
142.30,660.29
142.40,660.13
142.50,659.98
142.60,659.83
142.70,659.68
142.80,659.53
142.90,659.38
143.00,659.22
143.10,659.07
143.20,658.92
143.30,658.77
143.40,658.62
143.50,658.47
143.60,658.32
143.70,658.17
143.80,658.02
143.90,657.87
144.00,657.72
144.10,657.57
144.20,657.42
144.30,657.27
144.40,657.12
144.50,656.97
144.60,656.82
144.70,656.67
144.80,656.53
144.90,656.38
145.00,656.23
145.10,656.08
145.20,655.93
145.30,655.78
145.40,655.64
145.50,655.49
145.60,655.34
145.70,655.19
145.80,655.05
145.90,654.90
146.00,654.75
146.10,654.60
146.20,654.46
146.30,654.31
146.40,654.16
146.50,654.02
146.60,653.87
146.70,653.72
146.80,653.58
146.90,653.43
147.00,653.29
147.10,653.14
147.20,653.00
147.30,652.85
147.40,652.70
147.50,652.56
147.60,652.41
147.70,652.27
147.80,652.12
147.90,651.98
148.00,651.84
148.10,651.69
148.20,651.55
148.30,651.40
148.40,651.26
148.50,651.11
148.60,650.97
148.70,650.83
148.80,650.68
148.90,650.54
149.00,650.40
149.10,650.25
149.20,650.11
149.30,649.97
149.40,649.83
149.50,649.68
149.60,649.54
149.70,649.40
149.80,649.26
149.90,649.11
150.00,648.97
150.10,648.83
150.20,648.69
150.30,648.55
150.40,648.40
150.50,648.26
150.60,648.12
150.70,647.98
150.80,647.84
150.90,647.70
151.00,647.56
151.10,647.42
151.20,647.28
151.30,647.14
151.40,647.00
151.50,646.86
151.60,646.72
151.70,646.58
151.80,646.44
151.90,646.30
152.00,646.16
152.10,646.02
152.20,645.88
152.30,645.74
152.40,645.60
152.50,645.46
152.60,645.32
152.70,645.18
152.80,645.04
152.90,644.91
153.00,644.77
153.10,644.63
153.20,644.49
153.30,644.35
153.40,644.22
153.50,644.08
153.60,643.94
153.70,643.80
153.80,643.66
153.90,643.53
154.00,643.39
154.10,643.25
154.20,643.12
154.30,642.98
154.40,642.84
154.50,642.71
154.60,642.57
154.70,642.43
154.80,642.30
154.90,642.16
155.00,642.02
155.10,641.89
155.20,641.75
155.30,641.62
155.40,641.48
155.50,641.35
155.60,641.21
155.70,641.08
155.80,640.94
155.90,640.81
156.00,640.67
156.10,640.54
156.20,640.40
156.30,640.27
156.40,640.13
156.50,640.00
156.60,639.86
156.70,639.73
156.80,639.60
156.90,639.46
157.00,639.33
157.10,639.19
157.20,639.06
157.30,638.93
157.40,638.79
157.50,638.66
157.60,638.53
157.70,638.39
157.80,638.26
157.90,638.13
158.00,638.00
158.10,637.86
158.20,637.73
158.30,637.60
158.40,637.47
158.50,637.33
158.60,637.20
158.70,637.07
158.80,636.94
158.90,636.81
159.00,636.68
159.10,636.54
159.20,636.41
159.30,636.28
159.40,636.15
159.50,636.02
159.60,635.89
159.70,635.76
159.80,635.63
159.90,635.50
160.00,635.37
160.10,635.24
160.20,635.11
160.30,634.98
160.40,634.85
160.50,634.72
160.60,634.59
160.70,634.46
160.80,634.33
160.90,634.20
161.00,634.07
161.10,633.94
161.20,633.81
161.30,633.68
161.40,633.55
161.50,633.42
161.60,633.29
161.70,633.16
161.80,633.04
161.90,632.91
162.00,632.78
162.10,632.65
162.20,632.52
162.30,632.39
162.40,632.27
162.50,632.14
162.60,632.01
162.70,631.88
162.80,631.76
162.90,631.63
163.00,631.50
163.10,631.37
163.20,631.25
163.30,631.12
163.40,630.99
163.50,630.87
163.60,630.74
163.70,630.61
163.80,630.49
163.90,630.36
164.00,630.23
164.10,630.11
164.20,629.98
164.30,629.85
164.40,629.73
164.50,629.60
164.60,629.48
164.70,629.35
164.80,629.23
164.90,629.10
165.00,628.98
165.10,628.85
165.20,628.73
165.30,628.60
165.40,628.48
165.50,628.35
165.60,628.23
165.70,628.10
165.80,627.98
165.90,627.85
166.00,627.73
166.10,627.60
166.20,627.48
166.30,627.36
166.40,627.23
166.50,627.11
166.60,626.98
166.70,626.86
166.80,626.74
166.90,626.61
167.00,626.49
167.10,626.37
167.20,626.24
167.30,626.12
167.40,626.00
167.50,625.87
167.60,625.75
167.70,625.63
167.80,625.51
167.90,625.38
168.00,625.26
168.10,625.14
168.20,625.02
168.30,624.90
168.40,624.77
168.50,624.65
168.60,624.53
168.70,624.41
168.80,624.29
168.90,624.17
169.00,624.04
169.10,623.92
169.20,623.80
169.30,623.68
169.40,623.56
169.50,623.44
169.60,623.32
169.70,623.20
169.80,623.08
169.90,622.96
170.00,622.83
170.10,622.71
170.20,622.59
170.30,622.47
170.40,622.35
170.50,622.23
170.60,622.11
170.70,621.99
170.80,621.87
170.90,621.75
171.00,621.63
171.10,621.52
171.20,621.40
171.30,621.28
171.40,621.16
171.50,621.04
171.60,620.92
171.70,620.80
171.80,620.68
171.90,620.56
172.00,620.44
172.10,620.33
172.20,620.21
172.30,620.09
172.40,619.97
172.50,619.85
172.60,619.73
172.70,619.62
172.80,619.50
172.90,619.38
173.00,619.26
173.10,619.15
173.20,619.03
173.30,618.91
173.40,618.79
173.50,618.68
173.60,618.56
173.70,618.44
173.80,618.32
173.90,618.21
174.00,618.09
174.10,617.97
174.20,617.86
174.30,617.74
174.40,617.62
174.50,617.51
174.60,617.39
174.70,617.27
174.80,617.16
174.90,617.04
175.00,616.93
175.10,616.81
175.20,616.70
175.30,616.58
175.40,616.46
175.50,616.35
175.60,616.23
175.70,616.12
175.80,616.00
175.90,615.89
176.00,615.77
176.10,615.66
176.20,615.54
176.30,615.43
176.40,615.31
176.50,615.20
176.60,615.08
176.70,614.97
176.80,614.85
176.90,614.74
177.00,614.63
177.10,614.51
177.20,614.40
177.30,614.28
177.40,614.17
177.50,614.06
177.60,613.94
177.70,613.83
177.80,613.71
177.90,613.60
178.00,613.49
178.10,613.37
178.20,613.26
178.30,613.15
178.40,613.03
178.50,612.92
178.60,612.81
178.70,612.70
178.80,612.58
178.90,612.47
179.00,612.36
179.10,612.25
179.20,612.13
179.30,612.02
179.40,611.91
179.50,611.80
179.60,611.68
179.70,611.57
179.80,611.46
179.90,611.35
180.00,611.24
180.10,611.13
180.20,611.01
180.30,610.90
180.40,610.79
180.50,610.68
180.60,610.57
180.70,610.46
180.80,610.35
180.90,610.23
181.00,610.12
181.10,610.01
181.20,609.90
181.30,609.79
181.40,609.68
181.50,609.57
181.60,609.46
181.70,609.35
181.80,609.24
181.90,609.13
182.00,609.02
182.10,608.91
182.20,608.80
182.30,608.69
182.40,608.58
182.50,608.47
182.60,608.36
182.70,608.25
182.80,608.14
182.90,608.03
183.00,607.92
183.10,607.81
183.20,607.70
183.30,607.59
183.40,607.49
183.50,607.38
183.60,607.27
183.70,607.16
183.80,607.05
183.90,606.94
184.00,606.83
184.10,606.72
184.20,606.62
184.30,606.51
184.40,606.40
184.50,606.29
184.60,606.18
184.70,606.08
184.80,605.97
184.90,605.86
185.00,605.75
185.10,605.64
185.20,605.54
185.30,605.43
185.40,605.32
185.50,605.21
185.60,605.11
185.70,605.00
185.80,604.89
185.90,604.78
186.00,604.68
186.10,604.57
186.20,604.46
186.30,604.36
186.40,604.25
186.50,604.14
186.60,604.04
186.70,603.93
186.80,603.82
186.90,603.72
187.00,603.61
187.10,603.51
187.20,603.40
187.30,603.29
187.40,603.19
187.50,603.08
187.60,602.98
187.70,602.87
187.80,602.76
187.90,602.66
188.00,602.55
188.10,602.45
188.20,602.34
188.30,602.24
188.40,602.13
188.50,602.03
188.60,601.92
188.70,601.82
188.80,601.71
188.90,601.61
189.00,601.50
189.10,601.40
189.20,601.29
189.30,601.19
189.40,601.08
189.50,600.98
189.60,600.87
189.70,600.77
189.80,600.67
189.90,600.56
190.00,600.46
190.10,600.35
190.20,600.25
190.30,600.15
190.40,600.04
190.50,599.94
190.60,599.84
190.70,599.73
190.80,599.63
190.90,599.52
191.00,599.42
191.10,599.32
191.20,599.21
191.30,599.11
191.40,599.01
191.50,598.91
191.60,598.80
191.70,598.70
191.80,598.60
191.90,598.49
192.00,598.39
192.10,598.29
192.20,598.19
192.30,598.08
192.40,597.98
192.50,597.88
192.60,597.78
192.70,597.68
192.80,597.57
192.90,597.47
193.00,597.37
193.10,597.27
193.20,597.17
193.30,597.06
193.40,596.96
193.50,596.86
193.60,596.76
193.70,596.66
193.80,596.56
193.90,596.45
194.00,596.35
194.10,596.25
194.20,596.15
194.30,596.05
194.40,595.95
194.50,595.85
194.60,595.75
194.70,595.65
194.80,595.55
194.90,595.45
195.00,595.34
195.10,595.24
195.20,595.14
195.30,595.04
195.40,594.94
195.50,594.84
195.60,594.74
195.70,594.64
195.80,594.54
195.90,594.44
196.00,594.34
196.10,594.24
196.20,594.14
196.30,594.04
196.40,593.94
196.50,593.84
196.60,593.74
196.70,593.65
196.80,593.55
196.90,593.45
197.00,593.35
197.10,593.25
197.20,593.15
197.30,593.05
197.40,592.95
197.50,592.85
197.60,592.75
197.70,592.65
197.80,592.56
197.90,592.46
198.00,592.36
198.10,592.26
198.20,592.16
198.30,592.06
198.40,591.97
198.50,591.87
198.60,591.77
198.70,591.67
198.80,591.57
198.90,591.47
199.00,591.38
199.10,591.28
199.20,591.18
199.30,591.08
199.40,590.99
199.50,590.89
199.60,590.79
199.70,590.69
199.80,590.60
199.90,590.50
200.00,590.40
200.10,590.30
200.20,590.21
200.30,590.11
200.40,590.01
200.50,589.92
200.60,589.82
200.70,589.72
200.80,589.63
200.90,589.53
201.00,589.43
201.10,589.34
201.20,589.24
201.30,589.14
201.40,589.05
201.50,588.95
201.60,588.85
201.70,588.76
201.80,588.66
201.90,588.57
202.00,588.47
202.10,588.37
202.20,588.28
202.30,588.18
202.40,588.09
202.50,587.99
202.60,587.89
202.70,587.80
202.80,587.70
202.90,587.61
203.00,587.51
203.10,587.42
203.20,587.32
203.30,587.23
203.40,587.13
203.50,587.04
203.60,586.94
203.70,586.85
203.80,586.75
203.90,586.66
204.00,586.56
204.10,586.47
204.20,586.37
204.30,586.28
204.40,586.18
204.50,586.09
204.60,586.00
204.70,585.90
204.80,585.81
204.90,585.71
205.00,585.62
205.10,585.52
205.20,585.43
205.30,585.34
205.40,585.24
205.50,585.15
205.60,585.05
205.70,584.96
205.80,584.87
205.90,584.77
206.00,584.68
206.10,584.59
206.20,584.49
206.30,584.40
206.40,584.31
206.50,584.21
206.60,584.12
206.70,584.03
206.80,583.93
206.90,583.84
207.00,583.75
207.10,583.65
207.20,583.56
207.30,583.47
207.40,583.38
207.50,583.28
207.60,583.19
207.70,583.10
207.80,583.01
207.90,582.91
208.00,582.82
208.10,582.73
208.20,582.64
208.30,582.54
208.40,582.45
208.50,582.36
208.60,582.27
208.70,582.18
208.80,582.08
208.90,581.99
209.00,581.90
209.10,581.81
209.20,581.72
209.30,581.63
209.40,581.53
209.50,581.44
209.60,581.35
209.70,581.26
209.80,581.17
209.90,581.08
210.00,580.99
210.10,580.90
210.20,580.80
210.30,580.71
210.40,580.62
210.50,580.53
210.60,580.44
210.70,580.35
210.80,580.26
210.90,580.17
211.00,580.08
211.10,579.99
211.20,579.90
211.30,579.81
211.40,579.72
211.50,579.62
211.60,579.53
211.70,579.44
211.80,579.35
211.90,579.26
212.00,579.17
212.10,579.08
212.20,578.99
212.30,578.90
212.40,578.81
212.50,578.72
212.60,578.63
212.70,578.55
212.80,578.46
212.90,578.37
213.00,578.28
213.10,578.19
213.20,578.10
213.30,578.01
213.40,577.92
213.50,577.83
213.60,577.74
213.70,577.65
213.80,577.56
213.90,577.47
214.00,577.38
214.10,577.30
214.20,577.21
214.30,577.12
214.40,577.03
214.50,576.94
214.60,576.85
214.70,576.76
214.80,576.67
214.90,576.59
215.00,576.50
215.10,576.41
215.20,576.32
215.30,576.23
215.40,576.14
215.50,576.06
215.60,575.97
215.70,575.88
215.80,575.79
215.90,575.70
216.00,575.62
216.10,575.53
216.20,575.44
216.30,575.35
216.40,575.27
216.50,575.18
216.60,575.09
216.70,575.00
216.80,574.92
216.90,574.83
217.00,574.74
217.10,574.65
217.20,574.57
217.30,574.48
217.40,574.39
217.50,574.30
217.60,574.22
217.70,574.13
217.80,574.04
217.90,573.96
218.00,573.87
218.10,573.78
218.20,573.70
218.30,573.61
218.40,573.52
218.50,573.44
218.60,573.35
218.70,573.26
218.80,573.18
218.90,573.09
219.00,573.00
219.10,572.92
219.20,572.83
219.30,572.75
219.40,572.66
219.50,572.57
219.60,572.49
219.70,572.40
219.80,572.32
219.90,572.23
220.00,572.14
220.10,572.06
220.20,571.97
220.30,571.89
220.40,571.80
220.50,571.72
220.60,571.63
220.70,571.55
220.80,571.46
220.90,571.37
221.00,571.29
221.10,571.20
221.20,571.12
221.30,571.03
221.40,570.95
221.50,570.86
221.60,570.78
221.70,570.69
221.80,570.61
221.90,570.52
222.00,570.44
222.10,570.36
222.20,570.27
222.30,570.19
222.40,570.10
222.50,570.02
222.60,569.93
222.70,569.85
222.80,569.76
222.90,569.68
223.00,569.59
223.10,569.51
223.20,569.43
223.30,569.34
223.40,569.26
223.50,569.17
223.60,569.09
223.70,569.01
223.80,568.92
223.90,568.84
224.00,568.76
224.10,568.67
224.20,568.59
224.30,568.50
224.40,568.42
224.50,568.34
224.60,568.25
224.70,568.17
224.80,568.09
224.90,568.00
225.00,567.92
225.10,567.84
225.20,567.75
225.30,567.67
225.40,567.59
225.50,567.50
225.60,567.42
225.70,567.34
225.80,567.26
225.90,567.17
226.00,567.09
226.10,567.01
226.20,566.92
226.30,566.84
226.40,566.76
226.50,566.68
226.60,566.59
226.70,566.51
226.80,566.43
226.90,566.35
227.00,566.26
227.10,566.18
227.20,566.10
227.30,566.02
227.40,565.94
227.50,565.85
227.60,565.77
227.70,565.69
227.80,565.61
227.90,565.53
228.00,565.44
228.10,565.36
228.20,565.28
228.30,565.20
228.40,565.12
228.50,565.04
228.60,564.95
228.70,564.87
228.80,564.79
228.90,564.71
229.00,564.63
229.10,564.55
229.20,564.47
229.30,564.39
229.40,564.30
229.50,564.22
229.60,564.14
229.70,564.06
229.80,563.98
229.90,563.90
230.00,563.82
230.10,563.74
230.20,563.66
230.30,563.58
230.40,563.49
230.50,563.41
230.60,563.33
230.70,563.25
230.80,563.17
230.90,563.09
231.00,563.01
231.10,562.93
231.20,562.85
231.30,562.77
231.40,562.69
231.50,562.61
231.60,562.53
231.70,562.45
231.80,562.37
231.90,562.29
232.00,562.21
232.10,562.13
232.20,562.05
232.30,561.97
232.40,561.89
232.50,561.81
232.60,561.73
232.70,561.65
232.80,561.57
232.90,561.49
233.00,561.41
233.10,561.33
233.20,561.25
233.30,561.17
233.40,561.09
233.50,561.02
233.60,560.94
233.70,560.86
233.80,560.78
233.90,560.70
234.00,560.62
234.10,560.54
234.20,560.46
234.30,560.38
234.40,560.30
234.50,560.23
234.60,560.15
234.70,560.07
234.80,559.99
234.90,559.91
235.00,559.83
235.10,559.75
235.20,559.67
235.30,559.60
235.40,559.52
235.50,559.44
235.60,559.36
235.70,559.28
235.80,559.20
235.90,559.13
236.00,559.05
236.10,558.97
236.20,558.89
236.30,558.81
236.40,558.74
236.50,558.66
236.60,558.58
236.70,558.50
236.80,558.42
236.90,558.35
237.00,558.27
237.10,558.19
237.20,558.11
237.30,558.04
237.40,557.96
237.50,557.88
237.60,557.80
237.70,557.73
237.80,557.65
237.90,557.57
238.00,557.49
238.10,557.42
238.20,557.34
238.30,557.26
238.40,557.18
238.50,557.11
238.60,557.03
238.70,556.95
238.80,556.88
238.90,556.80
239.00,556.72
239.10,556.65
239.20,556.57
239.30,556.49
239.40,556.42
239.50,556.34
239.60,556.26
239.70,556.19
239.80,556.11
239.90,556.03
240.00,555.96
240.10,555.88
240.20,555.80
240.30,555.73
240.40,555.65
240.50,555.57
240.60,555.50
240.70,555.42
240.80,555.35
240.90,555.27
241.00,555.19
241.10,555.12
241.20,555.04
241.30,554.97
241.40,554.89
241.50,554.81
241.60,554.74
241.70,554.66
241.80,554.59
241.90,554.51
242.00,554.44
242.10,554.36
242.20,554.28
242.30,554.21
242.40,554.13
242.50,554.06
242.60,553.98
242.70,553.91
242.80,553.83
242.90,553.76
243.00,553.68
243.10,553.61
243.20,553.53
243.30,553.46
243.40,553.38
243.50,553.31
243.60,553.23
243.70,553.16
243.80,553.08
243.90,553.01
244.00,552.93
244.10,552.86
244.20,552.78
244.30,552.71
244.40,552.63
244.50,552.56
244.60,552.48
244.70,552.41
244.80,552.33
244.90,552.26
245.00,552.19
245.10,552.11
245.20,552.04
245.30,551.96
245.40,551.89
245.50,551.81
245.60,551.74
245.70,551.67
245.80,551.59
245.90,551.52
246.00,551.44
246.10,551.37
246.20,551.30
246.30,551.22
246.40,551.15
246.50,551.07
246.60,551.00
246.70,550.93
246.80,550.85
246.90,550.78
247.00,550.71
247.10,550.63
247.20,550.56
247.30,550.48
247.40,550.41
247.50,550.34
247.60,550.26
247.70,550.19
247.80,550.12
247.90,550.04
248.00,549.97
248.10,549.90
248.20,549.82
248.30,549.75
248.40,549.68
248.50,549.61
248.60,549.53
248.70,549.46
248.80,549.39
248.90,549.31
249.00,549.24
249.10,549.17
249.20,549.10
249.30,549.02
249.40,548.95
249.50,548.88
249.60,548.80
249.70,548.73
249.80,548.66
249.90,548.59
250.00,548.51
250.10,548.44
250.20,548.37
250.30,548.30
250.40,548.23
250.50,548.15
250.60,548.08
250.70,548.01
250.80,547.94
250.90,547.86
251.00,547.79
251.10,547.72
251.20,547.65
251.30,547.58
251.40,547.50
251.50,547.43
251.60,547.36
251.70,547.29
251.80,547.22
251.90,547.15
252.00,547.07
252.10,547.00
252.20,546.93
252.30,546.86
252.40,546.79
252.50,546.72
252.60,546.64
252.70,546.57
252.80,546.50
252.90,546.43
253.00,546.36
253.10,546.29
253.20,546.22
253.30,546.14
253.40,546.07
253.50,546.00
253.60,545.93
253.70,545.86
253.80,545.79
253.90,545.72
254.00,545.65
254.10,545.58
254.20,545.51
254.30,545.43
254.40,545.36
254.50,545.29
254.60,545.22
254.70,545.15
254.80,545.08
254.90,545.01
255.00,544.94
255.10,544.87
255.20,544.80
255.30,544.73
255.40,544.66
255.50,544.59
255.60,544.52
255.70,544.45
255.80,544.38
255.90,544.31
256.00,544.24
256.10,544.17
256.20,544.10
256.30,544.03
256.40,543.96
256.50,543.89
256.60,543.82
256.70,543.75
256.80,543.68
256.90,543.61
257.00,543.54
257.10,543.47
257.20,543.40
257.30,543.33
257.40,543.26
257.50,543.19
257.60,543.12
257.70,543.05
257.80,542.98
257.90,542.91
258.00,542.84
258.10,542.77
258.20,542.70
258.30,542.63
258.40,542.56
258.50,542.49
258.60,542.42
258.70,542.35
258.80,542.28
258.90,542.22
259.00,542.15
259.10,542.08
259.20,542.01
259.30,541.94
259.40,541.87
259.50,541.80
259.60,541.73
259.70,541.66
259.80,541.59
259.90,541.53
260.00,541.46
260.10,541.39
260.20,541.32
260.30,541.25
260.40,541.18
260.50,541.11
260.60,541.04
260.70,540.98
260.80,540.91
260.90,540.84
261.00,540.77
261.10,540.70
261.20,540.63
261.30,540.57
261.40,540.50
261.50,540.43
261.60,540.36
261.70,540.29
261.80,540.22
261.90,540.16
262.00,540.09
262.10,540.02
262.20,539.95
262.30,539.88
262.40,539.82
262.50,539.75
262.60,539.68
262.70,539.61
262.80,539.54
262.90,539.48
263.00,539.41
263.10,539.34
263.20,539.27
263.30,539.21
263.40,539.14
263.50,539.07
263.60,539.00
263.70,538.94
263.80,538.87
263.90,538.80
264.00,538.73
264.10,538.67
264.20,538.60
264.30,538.53
264.40,538.46
264.50,538.40
264.60,538.33
264.70,538.26
264.80,538.19
264.90,538.13
265.00,538.06
265.10,537.99
265.20,537.93
265.30,537.86
265.40,537.79
265.50,537.73
265.60,537.66
265.70,537.59
265.80,537.53
265.90,537.46
266.00,537.39
266.10,537.32
266.20,537.26
266.30,537.19
266.40,537.13
266.50,537.06
266.60,536.99
266.70,536.93
266.80,536.86
266.90,536.79
267.00,536.73
267.10,536.66
267.20,536.59
267.30,536.53
267.40,536.46
267.50,536.39
267.60,536.33
267.70,536.26
267.80,536.20
267.90,536.13
268.00,536.06
268.10,536.00
268.20,535.93
268.30,535.87
268.40,535.80
268.50,535.73
268.60,535.67
268.70,535.60
268.80,535.54
268.90,535.47
269.00,535.40
269.10,535.34
269.20,535.27
269.30,535.21
269.40,535.14
269.50,535.08
269.60,535.01
269.70,534.94
269.80,534.88
269.90,534.81
270.00,534.75
270.10,534.68
270.20,534.62
270.30,534.55
270.40,534.49
270.50,534.42
270.60,534.36
270.70,534.29
270.80,534.23
270.90,534.16
271.00,534.10
271.10,534.03
271.20,533.97
271.30,533.90
271.40,533.84
271.50,533.77
271.60,533.71
271.70,533.64
271.80,533.58
271.90,533.51
272.00,533.45
272.10,533.38
272.20,533.32
272.30,533.25
272.40,533.19
272.50,533.12
272.60,533.06
272.70,532.99
272.80,532.93
272.90,532.86
273.00,532.80
273.10,532.74
273.20,532.67
273.30,532.61
273.40,532.54
273.50,532.48
273.60,532.41
273.70,532.35
273.80,532.28
273.90,532.22
274.00,532.16
274.10,532.09
274.20,532.03
274.30,531.96
274.40,531.90
274.50,531.84
274.60,531.77
274.70,531.71
274.80,531.64
274.90,531.58
275.00,531.52
275.10,531.45
275.20,531.39
275.30,531.32
275.40,531.26
275.50,531.20
275.60,531.13
275.70,531.07
275.80,531.01
275.90,530.94
276.00,530.88
276.10,530.82
276.20,530.75
276.30,530.69
276.40,530.63
276.50,530.56
276.60,530.50
276.70,530.44
276.80,530.37
276.90,530.31
277.00,530.25
277.10,530.18
277.20,530.12
277.30,530.06
277.40,529.99
277.50,529.93
277.60,529.87
277.70,529.80
277.80,529.74
277.90,529.68
278.00,529.61
278.10,529.55
278.20,529.49
278.30,529.43
278.40,529.36
278.50,529.30
278.60,529.24
278.70,529.17
278.80,529.11
278.90,529.05
279.00,528.99
279.10,528.92
279.20,528.86
279.30,528.80
279.40,528.74
279.50,528.67
279.60,528.61
279.70,528.55
279.80,528.49
279.90,528.42
280.00,528.36
280.10,528.30
280.20,528.24
280.30,528.17
280.40,528.11
280.50,528.05
280.60,527.99
280.70,527.93
280.80,527.86
280.90,527.80
281.00,527.74
281.10,527.68
281.20,527.61
281.30,527.55
281.40,527.49
281.50,527.43
281.60,527.37
281.70,527.31
281.80,527.24
281.90,527.18
282.00,527.12
282.10,527.06
282.20,527.00
282.30,526.93
282.40,526.87
282.50,526.81
282.60,526.75
282.70,526.69
282.80,526.63
282.90,526.56
283.00,526.50
283.10,526.44
283.20,526.38
283.30,526.32
283.40,526.26
283.50,526.20
283.60,526.13
283.70,526.07
283.80,526.01
283.90,525.95
284.00,525.89
284.10,525.83
284.20,525.77
284.30,525.71
284.40,525.65
284.50,525.58
284.60,525.52
284.70,525.46
284.80,525.40
284.90,525.34
285.00,525.28
285.10,525.22
285.20,525.16
285.30,525.10
285.40,525.04
285.50,524.97
285.60,524.91
285.70,524.85
285.80,524.79
285.90,524.73
286.00,524.67
286.10,524.61
286.20,524.55
286.30,524.49
286.40,524.43
286.50,524.37
286.60,524.31
286.70,524.25
286.80,524.19
286.90,524.13
287.00,524.07
287.10,524.01
287.20,523.95
287.30,523.89
287.40,523.83
287.50,523.76
287.60,523.70
287.70,523.64
287.80,523.58
287.90,523.52
288.00,523.46
288.10,523.40
288.20,523.34
288.30,523.28
288.40,523.22
288.50,523.16
288.60,523.10
288.70,523.04
288.80,522.98
288.90,522.92
289.00,522.86
289.10,522.80
289.20,522.75
289.30,522.69
289.40,522.63
289.50,522.57
289.60,522.51
289.70,522.45
289.80,522.39
289.90,522.33
290.00,522.27
290.10,522.21
290.20,522.15
290.30,522.09
290.40,522.03
290.50,521.97
290.60,521.91
290.70,521.85
290.80,521.79
290.90,521.73
291.00,521.67
291.10,521.61
291.20,521.56
291.30,521.50
291.40,521.44
291.50,521.38
291.60,521.32
291.70,521.26
291.80,521.20
291.90,521.14
292.00,521.08
292.10,521.02
292.20,520.96
292.30,520.91
292.40,520.85
292.50,520.79
292.60,520.73
292.70,520.67
292.80,520.61
292.90,520.55
293.00,520.49
293.10,520.44
293.20,520.38
293.30,520.32
293.40,520.26
293.50,520.20
293.60,520.14
293.70,520.08
293.80,520.03
293.90,519.97
294.00,519.91
294.10,519.85
294.20,519.79
294.30,519.73
294.40,519.67
294.50,519.62
294.60,519.56
294.70,519.50
294.80,519.44
294.90,519.38
295.00,519.32
295.10,519.27
295.20,519.21
295.30,519.15
295.40,519.09
295.50,519.03
295.60,518.98
295.70,518.92
295.80,518.86
295.90,518.80
296.00,518.74
296.10,518.69
296.20,518.63
296.30,518.57
296.40,518.51
296.50,518.45
296.60,518.40
296.70,518.34
296.80,518.28
296.90,518.22
297.00,518.17
297.10,518.11
297.20,518.05
297.30,517.99
297.40,517.94
297.50,517.88
297.60,517.82
297.70,517.76
297.80,517.71
297.90,517.65
298.00,517.59
298.10,517.53
298.20,517.48
298.30,517.42
298.40,517.36
298.50,517.30
298.60,517.25
298.70,517.19
298.80,517.13
298.90,517.07
299.00,517.02
299.10,516.96
299.20,516.90
299.30,516.85
299.40,516.79
299.50,516.73
299.60,516.67
299.70,516.62
299.80,516.56
299.90,516.50
300.00,516.45
300.10,516.39
300.20,516.33
300.30,516.28
300.40,516.22
300.50,516.16
300.60,516.11
300.70,516.05
300.80,515.99
300.90,515.94
301.00,515.88
301.10,515.82
301.20,515.77
301.30,515.71
301.40,515.65
301.50,515.60
301.60,515.54
301.70,515.48
301.80,515.43
301.90,515.37
302.00,515.31
302.10,515.26
302.20,515.20
302.30,515.14
302.40,515.09
302.50,515.03
302.60,514.98
302.70,514.92
302.80,514.86
302.90,514.81
303.00,514.75
303.10,514.69
303.20,514.64
303.30,514.58
303.40,514.53
303.50,514.47
303.60,514.41
303.70,514.36
303.80,514.30
303.90,514.25
304.00,514.19
304.10,514.13
304.20,514.08
304.30,514.02
304.40,513.97
304.50,513.91
304.60,513.85
304.70,513.80
304.80,513.74
304.90,513.69
305.00,513.63
305.10,513.58
305.20,513.52
305.30,513.46
305.40,513.41
305.50,513.35
305.60,513.30
305.70,513.24
305.80,513.19
305.90,513.13
306.00,513.08
306.10,513.02
306.20,512.97
306.30,512.91
306.40,512.85
306.50,512.80
306.60,512.74
306.70,512.69
306.80,512.63
306.90,512.58
307.00,512.52
307.10,512.47
307.20,512.41
307.30,512.36
307.40,512.30
307.50,512.25
307.60,512.19
307.70,512.14
307.80,512.08
307.90,512.03
308.00,511.97
308.10,511.92
308.20,511.86
308.30,511.81
308.40,511.75
308.50,511.70
308.60,511.64
308.70,511.59
308.80,511.53
308.90,511.48
309.00,511.42
309.10,511.37
309.20,511.31
309.30,511.26
309.40,511.20
309.50,511.15
309.60,511.10
309.70,511.04
309.80,510.99
309.90,510.93
310.00,510.88
310.10,510.82
310.20,510.77
310.30,510.71
310.40,510.66
310.50,510.60
310.60,510.55
310.70,510.50
310.80,510.44
310.90,510.39
311.00,510.33
311.10,510.28
311.20,510.22
311.30,510.17
311.40,510.12
311.50,510.06
311.60,510.01
311.70,509.95
311.80,509.90
311.90,509.85
312.00,509.79
312.10,509.74
312.20,509.68
312.30,509.63
312.40,509.58
312.50,509.52
312.60,509.47
312.70,509.41
312.80,509.36
312.90,509.31
313.00,509.25
313.10,509.20
313.20,509.14
313.30,509.09
313.40,509.04
313.50,508.98
313.60,508.93
313.70,508.88
313.80,508.82
313.90,508.77
314.00,508.72
314.10,508.66
314.20,508.61
314.30,508.55
314.40,508.50
314.50,508.45
314.60,508.39
314.70,508.34
314.80,508.29
314.90,508.23
315.00,508.18
315.10,508.13
315.20,508.07
315.30,508.02
315.40,507.97
315.50,507.91
315.60,507.86
315.70,507.81
315.80,507.75
315.90,507.70
316.00,507.65
316.10,507.59
316.20,507.54
316.30,507.49
316.40,507.44
316.50,507.38
316.60,507.33
316.70,507.28
316.80,507.22
316.90,507.17
317.00,507.12
317.10,507.06
317.20,507.01
317.30,506.96
317.40,506.91
317.50,506.85
317.60,506.80
317.70,506.75
317.80,506.69
317.90,506.64
318.00,506.59
318.10,506.54
318.20,506.48
318.30,506.43
318.40,506.38
318.50,506.33
318.60,506.27
318.70,506.22
318.80,506.17
318.90,506.12
319.00,506.06
319.10,506.01
319.20,505.96
319.30,505.91
319.40,505.85
319.50,505.80
319.60,505.75
319.70,505.70
319.80,505.64
319.90,505.59
320.00,505.54
320.10,505.49
320.20,505.44
320.30,505.38
320.40,505.33
320.50,505.28
320.60,505.23
320.70,505.17
320.80,505.12
320.90,505.07
321.00,505.02
321.10,504.97
321.20,504.91
321.30,504.86
321.40,504.81
321.50,504.76
321.60,504.71
321.70,504.65
321.80,504.60
321.90,504.55
322.00,504.50
322.10,504.45
322.20,504.40
322.30,504.34
322.40,504.29
322.50,504.24
322.60,504.19
322.70,504.14
322.80,504.08
322.90,504.03
323.00,503.98
323.10,503.93
323.20,503.88
323.30,503.83
323.40,503.78
323.50,503.72
323.60,503.67
323.70,503.62
323.80,503.57
323.90,503.52
324.00,503.47
324.10,503.42
324.20,503.36
324.30,503.31
324.40,503.26
324.50,503.21
324.60,503.16
324.70,503.11
324.80,503.06
324.90,503.00
325.00,502.95
325.10,502.90
325.20,502.85
325.30,502.80
325.40,502.75
325.50,502.70
325.60,502.65
325.70,502.60
325.80,502.54
325.90,502.49
326.00,502.44
326.10,502.39
326.20,502.34
326.30,502.29
326.40,502.24
326.50,502.19
326.60,502.14
326.70,502.09
326.80,502.04
326.90,501.98
327.00,501.93
327.10,501.88
327.20,501.83
327.30,501.78
327.40,501.73
327.50,501.68
327.60,501.63
327.70,501.58
327.80,501.53
327.90,501.48
328.00,501.43
328.10,501.38
328.20,501.33
328.30,501.27
328.40,501.22
328.50,501.17
328.60,501.12
328.70,501.07
328.80,501.02
328.90,500.97
329.00,500.92
329.10,500.87
329.20,500.82
329.30,500.77
329.40,500.72
329.50,500.67
329.60,500.62
329.70,500.57
329.80,500.52
329.90,500.47
330.00,500.42
330.10,500.37
330.20,500.32
330.30,500.27
330.40,500.22
330.50,500.17
330.60,500.12
330.70,500.07
330.80,500.02
330.90,499.97
331.00,499.92
331.10,499.87
331.20,499.82
331.30,499.77
331.40,499.72
331.50,499.67
331.60,499.62
331.70,499.57
331.80,499.52
331.90,499.47
332.00,499.42
332.10,499.37
332.20,499.32
332.30,499.27
332.40,499.22
332.50,499.17
332.60,499.12
332.70,499.07
332.80,499.02
332.90,498.97
333.00,498.92
333.10,498.87
333.20,498.82
333.30,498.77
333.40,498.72
333.50,498.68
333.60,498.63
333.70,498.58
333.80,498.53
333.90,498.48
334.00,498.43
334.10,498.38
334.20,498.33
334.30,498.28
334.40,498.23
334.50,498.18
334.60,498.13
334.70,498.08
334.80,498.03
334.90,497.98
335.00,497.93
335.10,497.89
335.20,497.84
335.30,497.79
335.40,497.74
335.50,497.69
335.60,497.64
335.70,497.59
335.80,497.54
335.90,497.49
336.00,497.44
336.10,497.40
336.20,497.35
336.30,497.30
336.40,497.25
336.50,497.20
336.60,497.15
336.70,497.10
336.80,497.05
336.90,497.00
337.00,496.96
337.10,496.91
337.20,496.86
337.30,496.81
337.40,496.76
337.50,496.71
337.60,496.66
337.70,496.61
337.80,496.57
337.90,496.52
338.00,496.47
338.10,496.42
338.20,496.37
338.30,496.32
338.40,496.27
338.50,496.23
338.60,496.18
338.70,496.13
338.80,496.08
338.90,496.03
339.00,495.98
339.10,495.93
339.20,495.89
339.30,495.84
339.40,495.79
339.50,495.74
339.60,495.69
339.70,495.64
339.80,495.60
339.90,495.55
340.00,495.50
340.10,495.45
340.20,495.40
340.30,495.35
340.40,495.31
340.50,495.26
340.60,495.21
340.70,495.16
340.80,495.11
340.90,495.07
341.00,495.02
341.10,494.97
341.20,494.92
341.30,494.87
341.40,494.83
341.50,494.78
341.60,494.73
341.70,494.68
341.80,494.63
341.90,494.59
342.00,494.54
342.10,494.49
342.20,494.44
342.30,494.40
342.40,494.35
342.50,494.30
342.60,494.25
342.70,494.20
342.80,494.16
342.90,494.11
343.00,494.06
343.10,494.01
343.20,493.97
343.30,493.92
343.40,493.87
343.50,493.82
343.60,493.78
343.70,493.73
343.80,493.68
343.90,493.63
344.00,493.59
344.10,493.54
344.20,493.49
344.30,493.44
344.40,493.40
344.50,493.35
344.60,493.30
344.70,493.25
344.80,493.21
344.90,493.16
345.00,493.11
345.10,493.06
345.20,493.02
345.30,492.97
345.40,492.92
345.50,492.87
345.60,492.83
345.70,492.78
345.80,492.73
345.90,492.69
346.00,492.64
346.10,492.59
346.20,492.54
346.30,492.50
346.40,492.45
346.50,492.40
346.60,492.36
346.70,492.31
346.80,492.26
346.90,492.22
347.00,492.17
347.10,492.12
347.20,492.07
347.30,492.03
347.40,491.98
347.50,491.93
347.60,491.89
347.70,491.84
347.80,491.79
347.90,491.75
348.00,491.70
348.10,491.65
348.20,491.61
348.30,491.56
348.40,491.51
348.50,491.47
348.60,491.42
348.70,491.37
348.80,491.33
348.90,491.28
349.00,491.23
349.10,491.19
349.20,491.14
349.30,491.09
349.40,491.05
349.50,491.00
349.60,490.95
349.70,490.91
349.80,490.86
349.90,490.81
350.00,490.77
350.10,490.72
350.20,490.68
350.30,490.63
350.40,490.58
350.50,490.54
350.60,490.49
350.70,490.44
350.80,490.40
350.90,490.35
351.00,490.30
351.10,490.26
351.20,490.21
351.30,490.17
351.40,490.12
351.50,490.07
351.60,490.03
351.70,489.98
351.80,489.94
351.90,489.89
352.00,489.84
352.10,489.80
352.20,489.75
352.30,489.71
352.40,489.66
352.50,489.61
352.60,489.57
352.70,489.52
352.80,489.48
352.90,489.43
353.00,489.38
353.10,489.34
353.20,489.29
353.30,489.25
353.40,489.20
353.50,489.15
353.60,489.11
353.70,489.06
353.80,489.02
353.90,488.97
354.00,488.93
354.10,488.88
354.20,488.83
354.30,488.79
354.40,488.74
354.50,488.70
354.60,488.65
354.70,488.61
354.80,488.56
354.90,488.51
355.00,488.47
355.10,488.42
355.20,488.38
355.30,488.33
355.40,488.29
355.50,488.24
355.60,488.20
355.70,488.15
355.80,488.11
355.90,488.06
356.00,488.01
356.10,487.97
356.20,487.92
356.30,487.88
356.40,487.83
356.50,487.79
356.60,487.74
356.70,487.70
356.80,487.65
356.90,487.61
357.00,487.56
357.10,487.52
357.20,487.47
357.30,487.43
357.40,487.38
357.50,487.34
357.60,487.29
357.70,487.25
357.80,487.20
357.90,487.15
358.00,487.11
358.10,487.06
358.20,487.02
358.30,486.97
358.40,486.93
358.50,486.88
358.60,486.84
358.70,486.80
358.80,486.75
358.90,486.71
359.00,486.66
359.10,486.62
359.20,486.57
359.30,486.53
359.40,486.48
359.50,486.44
359.60,486.39
359.70,486.35
359.80,486.30
359.90,486.26
360.00,486.21
360.10,486.17
360.20,486.12
360.30,486.08
360.40,486.03
360.50,485.99
360.60,485.94
360.70,485.90
360.80,485.86
360.90,485.81
361.00,485.77
361.10,485.72
361.20,485.68
361.30,485.63
361.40,485.59
361.50,485.54
361.60,485.50
361.70,485.45
361.80,485.41
361.90,485.37
362.00,485.32
362.10,485.28
362.20,485.23
362.30,485.19
362.40,485.14
362.50,485.10
362.60,485.06
362.70,485.01
362.80,484.97
362.90,484.92
363.00,484.88
363.10,484.83
363.20,484.79
363.30,484.75
363.40,484.70
363.50,484.66
363.60,484.61
363.70,484.57
363.80,484.52
363.90,484.48
364.00,484.44
364.10,484.39
364.20,484.35
364.30,484.30
364.40,484.26
364.50,484.22
364.60,484.17
364.70,484.13
364.80,484.08
364.90,484.04
365.00,484.00
365.10,483.95
365.20,483.91
365.30,483.87
365.40,483.82
365.50,483.78
365.60,483.73
365.70,483.69
365.80,483.65
365.90,483.60
366.00,483.56
366.10,483.51
366.20,483.47
366.30,483.43
366.40,483.38
366.50,483.34
366.60,483.30
366.70,483.25
366.80,483.21
366.90,483.17
367.00,483.12
367.10,483.08
367.20,483.03
367.30,482.99
367.40,482.95
367.50,482.90
367.60,482.86
367.70,482.82
367.80,482.77
367.90,482.73
368.00,482.69
368.10,482.64
368.20,482.60
368.30,482.56
368.40,482.51
368.50,482.47
368.60,482.43
368.70,482.38
368.80,482.34
368.90,482.30
369.00,482.25
369.10,482.21
369.20,482.17
369.30,482.12
369.40,482.08
369.50,482.04
369.60,481.99
369.70,481.95
369.80,481.91
369.90,481.86
370.00,481.82
370.10,481.78
370.20,481.73
370.30,481.69
370.40,481.65
370.50,481.61
370.60,481.56
370.70,481.52
370.80,481.48
370.90,481.43
371.00,481.39
371.10,481.35
371.20,481.30
371.30,481.26
371.40,481.22
371.50,481.18
371.60,481.13
371.70,481.09
371.80,481.05
371.90,481.00
372.00,480.96
372.10,480.92
372.20,480.88
372.30,480.83
372.40,480.79
372.50,480.75
372.60,480.71
372.70,480.66
372.80,480.62
372.90,480.58
373.00,480.53
373.10,480.49
373.20,480.45
373.30,480.41
373.40,480.36
373.50,480.32
373.60,480.28
373.70,480.24
373.80,480.19
373.90,480.15
374.00,480.11
374.10,480.07
374.20,480.02
374.30,479.98
374.40,479.94
374.50,479.90
374.60,479.85
374.70,479.81
374.80,479.77
374.90,479.73
375.00,479.68
375.10,479.64
375.20,479.60
375.30,479.56
375.40,479.51
375.50,479.47
375.60,479.43
375.70,479.39
375.80,479.35
375.90,479.30
376.00,479.26
376.10,479.22
376.20,479.18
376.30,479.13
376.40,479.09
376.50,479.05
376.60,479.01
376.70,478.97
376.80,478.92
376.90,478.88
377.00,478.84
377.10,478.80
377.20,478.76
377.30,478.71
377.40,478.67
377.50,478.63
377.60,478.59
377.70,478.55
377.80,478.50
377.90,478.46
378.00,478.42
378.10,478.38
378.20,478.34
378.30,478.29
378.40,478.25
378.50,478.21
378.60,478.17
378.70,478.13
378.80,478.08
378.90,478.04
379.00,478.00
379.10,477.96
379.20,477.92
379.30,477.88
379.40,477.83
379.50,477.79
379.60,477.75
379.70,477.71
379.80,477.67
379.90,477.63
380.00,477.58
380.10,477.54
380.20,477.50
380.30,477.46
380.40,477.42
380.50,477.38
380.60,477.33
380.70,477.29
380.80,477.25
380.90,477.21
381.00,477.17
381.10,477.13
381.20,477.09
381.30,477.04
381.40,477.00
381.50,476.96
381.60,476.92
381.70,476.88
381.80,476.84
381.90,476.80
382.00,476.75
382.10,476.71
382.20,476.67
382.30,476.63
382.40,476.59
382.50,476.55
382.60,476.51
382.70,476.47
382.80,476.42
382.90,476.38
383.00,476.34
383.10,476.30
383.20,476.26
383.30,476.22
383.40,476.18
383.50,476.14
383.60,476.10
383.70,476.05
383.80,476.01
383.90,475.97
384.00,475.93
384.10,475.89
384.20,475.85
384.30,475.81
384.40,475.77
384.50,475.73
384.60,475.68
384.70,475.64
384.80,475.60
384.90,475.56
385.00,475.52
385.10,475.48
385.20,475.44
385.30,475.40
385.40,475.36
385.50,475.32
385.60,475.28
385.70,475.24
385.80,475.19
385.90,475.15
386.00,475.11
386.10,475.07
386.20,475.03
386.30,474.99
386.40,474.95
386.50,474.91
386.60,474.87
386.70,474.83
386.80,474.79
386.90,474.75
387.00,474.71
387.10,474.67
387.20,474.62
387.30,474.58
387.40,474.54
387.50,474.50
387.60,474.46
387.70,474.42
387.80,474.38
387.90,474.34
388.00,474.30
388.10,474.26
388.20,474.22
388.30,474.18
388.40,474.14
388.50,474.10
388.60,474.06
388.70,474.02
388.80,473.98
388.90,473.94
389.00,473.90
389.10,473.86
389.20,473.82
389.30,473.77
389.40,473.73
389.50,473.69
389.60,473.65
389.70,473.61
389.80,473.57
389.90,473.53
390.00,473.49
390.10,473.45
390.20,473.41
390.30,473.37
390.40,473.33
390.50,473.29
390.60,473.25
390.70,473.21
390.80,473.17
390.90,473.13
391.00,473.09
391.10,473.05
391.20,473.01
391.30,472.97
391.40,472.93
391.50,472.89
391.60,472.85
391.70,472.81
391.80,472.77
391.90,472.73
392.00,472.69
392.10,472.65
392.20,472.61
392.30,472.57
392.40,472.53
392.50,472.49
392.60,472.45
392.70,472.41
392.80,472.37
392.90,472.33
393.00,472.29
393.10,472.25
393.20,472.21
393.30,472.17
393.40,472.13
393.50,472.09
393.60,472.05
393.70,472.01
393.80,471.97
393.90,471.93
394.00,471.90
394.10,471.86
394.20,471.82
394.30,471.78
394.40,471.74
394.50,471.70
394.60,471.66
394.70,471.62
394.80,471.58
394.90,471.54
395.00,471.50
395.10,471.46
395.20,471.42
395.30,471.38
395.40,471.34
395.50,471.30
395.60,471.26
395.70,471.22
395.80,471.18
395.90,471.14
396.00,471.10
396.10,471.06
396.20,471.03
396.30,470.99
396.40,470.95
396.50,470.91
396.60,470.87
396.70,470.83
396.80,470.79
396.90,470.75
397.00,470.71
397.10,470.67
397.20,470.63
397.30,470.59
397.40,470.55
397.50,470.51
397.60,470.48
397.70,470.44
397.80,470.40
397.90,470.36
398.00,470.32
398.10,470.28
398.20,470.24
398.30,470.20
398.40,470.16
398.50,470.12
398.60,470.08
398.70,470.04
398.80,470.01
398.90,469.97
399.00,469.93
399.10,469.89
399.20,469.85
399.30,469.81
399.40,469.77
399.50,469.73
399.60,469.69
399.70,469.65
399.80,469.62
399.90,469.58
400.00,469.54
400.10,469.50
400.20,469.46
400.30,469.42
400.40,469.38
400.50,469.34
400.60,469.31
400.70,469.27
400.80,469.23
400.90,469.19
401.00,469.15
401.10,469.11
401.20,469.07
401.30,469.03
401.40,468.99
401.50,468.96
401.60,468.92
401.70,468.88
401.80,468.84
401.90,468.80
402.00,468.76
402.10,468.72
402.20,468.69
402.30,468.65
402.40,468.61
402.50,468.57
402.60,468.53
402.70,468.49
402.80,468.45
402.90,468.42
403.00,468.38
403.10,468.34
403.20,468.30
403.30,468.26
403.40,468.22
403.50,468.18
403.60,468.15
403.70,468.11
403.80,468.07
403.90,468.03
404.00,467.99
404.10,467.95
404.20,467.92
404.30,467.88
404.40,467.84
404.50,467.80
404.60,467.76
404.70,467.72
404.80,467.69
404.90,467.65
405.00,467.61
405.10,467.57
405.20,467.53
405.30,467.49
405.40,467.46
405.50,467.42
405.60,467.38
405.70,467.34
405.80,467.30
405.90,467.27
406.00,467.23
406.10,467.19
406.20,467.15
406.30,467.11
406.40,467.08
406.50,467.04
406.60,467.00
406.70,466.96
406.80,466.92
406.90,466.88
407.00,466.85
407.10,466.81
407.20,466.77
407.30,466.73
407.40,466.70
407.50,466.66
407.60,466.62
407.70,466.58
407.80,466.54
407.90,466.51
408.00,466.47
408.10,466.43
408.20,466.39
408.30,466.35
408.40,466.32
408.50,466.28
408.60,466.24
408.70,466.20
408.80,466.16
408.90,466.13
409.00,466.09
409.10,466.05
409.20,466.01
409.30,465.98
409.40,465.94
409.50,465.90
409.60,465.86
409.70,465.83
409.80,465.79
409.90,465.75
410.00,465.71
410.10,465.67
410.20,465.64
410.30,465.60
410.40,465.56
410.50,465.52
410.60,465.49
410.70,465.45
410.80,465.41
410.90,465.37
411.00,465.34
411.10,465.30
411.20,465.26
411.30,465.22
411.40,465.19
411.50,465.15
411.60,465.11
411.70,465.07
411.80,465.04
411.90,465.00
412.00,464.96
412.10,464.92
412.20,464.89
412.30,464.85
412.40,464.81
412.50,464.78
412.60,464.74
412.70,464.70
412.80,464.66
412.90,464.63
413.00,464.59
413.10,464.55
413.20,464.51
413.30,464.48
413.40,464.44
413.50,464.40
413.60,464.37
413.70,464.33
413.80,464.29
413.90,464.25
414.00,464.22
414.10,464.18
414.20,464.14
414.30,464.11
414.40,464.07
414.50,464.03
414.60,463.99
414.70,463.96
414.80,463.92
414.90,463.88
415.00,463.85
415.10,463.81
415.20,463.77
415.30,463.73
415.40,463.70
415.50,463.66
415.60,463.62
415.70,463.59
415.80,463.55
415.90,463.51
416.00,463.48
416.10,463.44
416.20,463.40
416.30,463.36
416.40,463.33
416.50,463.29
416.60,463.25
416.70,463.22
416.80,463.18
416.90,463.14
417.00,463.11
417.10,463.07
417.20,463.03
417.30,463.00
417.40,462.96
417.50,462.92
417.60,462.89
417.70,462.85
417.80,462.81
417.90,462.78
418.00,462.74
418.10,462.70
418.20,462.67
418.30,462.63
418.40,462.59
418.50,462.56
418.60,462.52
418.70,462.48
418.80,462.45
418.90,462.41
419.00,462.37
419.10,462.34
419.20,462.30
419.30,462.26
419.40,462.23
419.50,462.19
419.60,462.15
419.70,462.12
419.80,462.08
419.90,462.04
420.00,462.01
420.10,461.97
420.20,461.94
420.30,461.90
420.40,461.86
420.50,461.83
420.60,461.79
420.70,461.75
420.80,461.72
420.90,461.68
421.00,461.64
421.10,461.61
421.20,461.57
421.30,461.54
421.40,461.50
421.50,461.46
421.60,461.43
421.70,461.39
421.80,461.35
421.90,461.32
422.00,461.28
422.10,461.25
422.20,461.21
422.30,461.17
422.40,461.14
422.50,461.10
422.60,461.06
422.70,461.03
422.80,460.99
422.90,460.96
423.00,460.92
423.10,460.88
423.20,460.85
423.30,460.81
423.40,460.78
423.50,460.74
423.60,460.70
423.70,460.67
423.80,460.63
423.90,460.60
424.00,460.56
424.10,460.52
424.20,460.49
424.30,460.45
424.40,460.42
424.50,460.38
424.60,460.34
424.70,460.31
424.80,460.27
424.90,460.24
425.00,460.20
425.10,460.16
425.20,460.13
425.30,460.09
425.40,460.06
425.50,460.02
425.60,459.98
425.70,459.95
425.80,459.91
425.90,459.88
426.00,459.84
426.10,459.81
426.20,459.77
426.30,459.73
426.40,459.70
426.50,459.66
426.60,459.63
426.70,459.59
426.80,459.56
426.90,459.52
427.00,459.48
427.10,459.45
427.20,459.41
427.30,459.38
427.40,459.34
427.50,459.31
427.60,459.27
427.70,459.23
427.80,459.20
427.90,459.16
428.00,459.13
428.10,459.09
428.20,459.06
428.30,459.02
428.40,458.99
428.50,458.95
428.60,458.91
428.70,458.88
428.80,458.84
428.90,458.81
429.00,458.77
429.10,458.74
429.20,458.70
429.30,458.67
429.40,458.63
429.50,458.60
429.60,458.56
429.70,458.53
429.80,458.49
429.90,458.45
430.00,458.42
430.10,458.38
430.20,458.35
430.30,458.31
430.40,458.28
430.50,458.24
430.60,458.21
430.70,458.17
430.80,458.14
430.90,458.10
431.00,458.07
431.10,458.03
431.20,458.00
431.30,457.96
431.40,457.93
431.50,457.89
431.60,457.86
431.70,457.82
431.80,457.78
431.90,457.75
432.00,457.71
432.10,457.68
432.20,457.64
432.30,457.61
432.40,457.57
432.50,457.54
432.60,457.50
432.70,457.47
432.80,457.43
432.90,457.40
433.00,457.36
433.10,457.33
433.20,457.29
433.30,457.26
433.40,457.22
433.50,457.19
433.60,457.15
433.70,457.12
433.80,457.08
433.90,457.05
434.00,457.01
434.10,456.98
434.20,456.94
434.30,456.91
434.40,456.87
434.50,456.84
434.60,456.81
434.70,456.77
434.80,456.74
434.90,456.70
435.00,456.67
435.10,456.63
435.20,456.60
435.30,456.56
435.40,456.53
435.50,456.49
435.60,456.46
435.70,456.42
435.80,456.39
435.90,456.35
436.00,456.32
436.10,456.28
436.20,456.25
436.30,456.21
436.40,456.18
436.50,456.15
436.60,456.11
436.70,456.08
436.80,456.04
436.90,456.01
437.00,455.97
437.10,455.94
437.20,455.90
437.30,455.87
437.40,455.83
437.50,455.80
437.60,455.76
437.70,455.73
437.80,455.70
437.90,455.66
438.00,455.63
438.10,455.59
438.20,455.56
438.30,455.52
438.40,455.49
438.50,455.45
438.60,455.42
438.70,455.39
438.80,455.35
438.90,455.32
439.00,455.28
439.10,455.25
439.20,455.21
439.30,455.18
439.40,455.15
439.50,455.11
439.60,455.08
439.70,455.04
439.80,455.01
439.90,454.97
440.00,454.94
440.10,454.90
440.20,454.87
440.30,454.84
440.40,454.80
440.50,454.77
440.60,454.73
440.70,454.70
440.80,454.67
440.90,454.63
441.00,454.60
441.10,454.56
441.20,454.53
441.30,454.49
441.40,454.46
441.50,454.43
441.60,454.39
441.70,454.36
441.80,454.32
441.90,454.29
442.00,454.26
442.10,454.22
442.20,454.19
442.30,454.15
442.40,454.12
442.50,454.09
442.60,454.05
442.70,454.02
442.80,453.98
442.90,453.95
443.00,453.92
443.10,453.88
443.20,453.85
443.30,453.81
443.40,453.78
443.50,453.75
443.60,453.71
443.70,453.68
443.80,453.64
443.90,453.61
444.00,453.58
444.10,453.54
444.20,453.51
444.30,453.47
444.40,453.44
444.50,453.41
444.60,453.37
444.70,453.34
444.80,453.31
444.90,453.27
445.00,453.24
445.10,453.20
445.20,453.17
445.30,453.14
445.40,453.10
445.50,453.07
445.60,453.04
445.70,453.00
445.80,452.97
445.90,452.93
446.00,452.90
446.10,452.87
446.20,452.83
446.30,452.80
446.40,452.77
446.50,452.73
446.60,452.70
446.70,452.67
446.80,452.63
446.90,452.60
447.00,452.56
447.10,452.53
447.20,452.50
447.30,452.46
447.40,452.43
447.50,452.40
447.60,452.36
447.70,452.33
447.80,452.30
447.90,452.26
448.00,452.23
448.10,452.20
448.20,452.16
448.30,452.13
448.40,452.10
448.50,452.06
448.60,452.03
448.70,452.00
448.80,451.96
448.90,451.93
449.00,451.90
449.10,451.86
449.20,451.83
449.30,451.80
449.40,451.76
449.50,451.73
449.60,451.70
449.70,451.66
449.80,451.63
449.90,451.60
450.00,451.56
450.10,451.53
450.20,451.50
450.30,451.46
450.40,451.43
450.50,451.40
450.60,451.36
450.70,451.33
450.80,451.30
450.90,451.26
451.00,451.23
451.10,451.20
451.20,451.16
451.30,451.13
451.40,451.10
451.50,451.06
451.60,451.03
451.70,451.00
451.80,450.97
451.90,450.93
452.00,450.90
452.10,450.87
452.20,450.83
452.30,450.80
452.40,450.77
452.50,450.73
452.60,450.70
452.70,450.67
452.80,450.63
452.90,450.60
453.00,450.57
453.10,450.54
453.20,450.50
453.30,450.47
453.40,450.44
453.50,450.40
453.60,450.37
453.70,450.34
453.80,450.31
453.90,450.27
454.00,450.24
454.10,450.21
454.20,450.17
454.30,450.14
454.40,450.11
454.50,450.08
454.60,450.04
454.70,450.01
454.80,449.98
454.90,449.94
455.00,449.91
455.10,449.88
455.20,449.85
455.30,449.81
455.40,449.78
455.50,449.75
455.60,449.71
455.70,449.68
455.80,449.65
455.90,449.62
456.00,449.58
456.10,449.55
456.20,449.52
456.30,449.49
456.40,449.45
456.50,449.42
456.60,449.39
456.70,449.36
456.80,449.32
456.90,449.29
457.00,449.26
457.10,449.22
457.20,449.19
457.30,449.16
457.40,449.13
457.50,449.09
457.60,449.06
457.70,449.03
457.80,449.00
457.90,448.96
458.00,448.93
458.10,448.90
458.20,448.87
458.30,448.83
458.40,448.80
458.50,448.77
458.60,448.74
458.70,448.70
458.80,448.67
458.90,448.64
459.00,448.61
459.10,448.58
459.20,448.54
459.30,448.51
459.40,448.48
459.50,448.45
459.60,448.41
459.70,448.38
459.80,448.35
459.90,448.32
460.00,448.28
460.10,448.25
460.20,448.22
460.30,448.19
460.40,448.15
460.50,448.12
460.60,448.09
460.70,448.06
460.80,448.03
460.90,447.99
461.00,447.96
461.10,447.93
461.20,447.90
461.30,447.86
461.40,447.83
461.50,447.80
461.60,447.77
461.70,447.74
461.80,447.70
461.90,447.67
462.00,447.64
462.10,447.61
462.20,447.58
462.30,447.54
462.40,447.51
462.50,447.48
462.60,447.45
462.70,447.41
462.80,447.38
462.90,447.35
463.00,447.32
463.10,447.29
463.20,447.25
463.30,447.22
463.40,447.19
463.50,447.16
463.60,447.13
463.70,447.09
463.80,447.06
463.90,447.03
464.00,447.00
464.10,446.97
464.20,446.93
464.30,446.90
464.40,446.87
464.50,446.84
464.60,446.81
464.70,446.78
464.80,446.74
464.90,446.71
465.00,446.68
465.10,446.65
465.20,446.62
465.30,446.58
465.40,446.55
465.50,446.52
465.60,446.49
465.70,446.46
465.80,446.43
465.90,446.39
466.00,446.36
466.10,446.33
466.20,446.30
466.30,446.27
466.40,446.23
466.50,446.20
466.60,446.17
466.70,446.14
466.80,446.11
466.90,446.08
467.00,446.04
467.10,446.01
467.20,445.98
467.30,445.95
467.40,445.92
467.50,445.89
467.60,445.85
467.70,445.82
467.80,445.79
467.90,445.76
468.00,445.73
468.10,445.70
468.20,445.67
468.30,445.63
468.40,445.60
468.50,445.57
468.60,445.54
468.70,445.51
468.80,445.48
468.90,445.44
469.00,445.41
469.10,445.38
469.20,445.35
469.30,445.32
469.40,445.29
469.50,445.26
469.60,445.22
469.70,445.19
469.80,445.16
469.90,445.13
470.00,445.10
470.10,445.07
470.20,445.04
470.30,445.00
470.40,444.97
470.50,444.94
470.60,444.91
470.70,444.88
470.80,444.85
470.90,444.82
471.00,444.78
471.10,444.75
471.20,444.72
471.30,444.69
471.40,444.66
471.50,444.63
471.60,444.60
471.70,444.57
471.80,444.53
471.90,444.50
472.00,444.47
472.10,444.44
472.20,444.41
472.30,444.38
472.40,444.35
472.50,444.32
472.60,444.29
472.70,444.25
472.80,444.22
472.90,444.19
473.00,444.16
473.10,444.13
473.20,444.10
473.30,444.07
473.40,444.04
473.50,444.00
473.60,443.97
473.70,443.94
473.80,443.91
473.90,443.88
474.00,443.85
474.10,443.82
474.20,443.79
474.30,443.76
474.40,443.73
474.50,443.69
474.60,443.66
474.70,443.63
474.80,443.60
474.90,443.57
475.00,443.54
475.10,443.51
475.20,443.48
475.30,443.45
475.40,443.42
475.50,443.38
475.60,443.35
475.70,443.32
475.80,443.29
475.90,443.26
476.00,443.23
476.10,443.20
476.20,443.17
476.30,443.14
476.40,443.11
476.50,443.08
476.60,443.04
476.70,443.01
476.80,442.98
476.90,442.95
477.00,442.92
477.10,442.89
477.20,442.86
477.30,442.83
477.40,442.80
477.50,442.77
477.60,442.74
477.70,442.71
477.80,442.68
477.90,442.64
478.00,442.61
478.10,442.58
478.20,442.55
478.30,442.52
478.40,442.49
478.50,442.46
478.60,442.43
478.70,442.40
478.80,442.37
478.90,442.34
479.00,442.31
479.10,442.28
479.20,442.25
479.30,442.22
479.40,442.19
479.50,442.15
479.60,442.12
479.70,442.09
479.80,442.06
479.90,442.03
480.00,442.00
480.10,441.97
480.20,441.94
480.30,441.91
480.40,441.88
480.50,441.85
480.60,441.82
480.70,441.79
480.80,441.76
480.90,441.73
481.00,441.70
481.10,441.67
481.20,441.64
481.30,441.61
481.40,441.58
481.50,441.54
481.60,441.51
481.70,441.48
481.80,441.45
481.90,441.42
482.00,441.39
482.10,441.36
482.20,441.33
482.30,441.30
482.40,441.27
482.50,441.24
482.60,441.21
482.70,441.18
482.80,441.15
482.90,441.12
483.00,441.09
483.10,441.06
483.20,441.03
483.30,441.00
483.40,440.97
483.50,440.94
483.60,440.91
483.70,440.88
483.80,440.85
483.90,440.82
484.00,440.79
484.10,440.76
484.20,440.73
484.30,440.70
484.40,440.67
484.50,440.64
484.60,440.61
484.70,440.58
484.80,440.55
484.90,440.52
485.00,440.49
485.10,440.46
485.20,440.43
485.30,440.39
485.40,440.36
485.50,440.33
485.60,440.30
485.70,440.27
485.80,440.24
485.90,440.21
486.00,440.18
486.10,440.15
486.20,440.12
486.30,440.09
486.40,440.06
486.50,440.03
486.60,440.00
486.70,439.97
486.80,439.94
486.90,439.91
487.00,439.88
487.10,439.85
487.20,439.82
487.30,439.79
487.40,439.76
487.50,439.73
487.60,439.70
487.70,439.68
487.80,439.65
487.90,439.62
488.00,439.59
488.10,439.56
488.20,439.53
488.30,439.50
488.40,439.47
488.50,439.44
488.60,439.41
488.70,439.38
488.80,439.35
488.90,439.32
489.00,439.29
489.10,439.26
489.20,439.23
489.30,439.20
489.40,439.17
489.50,439.14
489.60,439.11
489.70,439.08
489.80,439.05
489.90,439.02
490.00,438.99
490.10,438.96
490.20,438.93
490.30,438.90
490.40,438.87
490.50,438.84
490.60,438.81
490.70,438.78
490.80,438.75
490.90,438.72
491.00,438.69
491.10,438.66
491.20,438.63
491.30,438.60
491.40,438.57
491.50,438.54
491.60,438.52
491.70,438.49
491.80,438.46
491.90,438.43
492.00,438.40
492.10,438.37
492.20,438.34
492.30,438.31
492.40,438.28
492.50,438.25
492.60,438.22
492.70,438.19
492.80,438.16
492.90,438.13
493.00,438.10
493.10,438.07
493.20,438.04
493.30,438.01
493.40,437.98
493.50,437.95
493.60,437.92
493.70,437.90
493.80,437.87
493.90,437.84
494.00,437.81
494.10,437.78
494.20,437.75
494.30,437.72
494.40,437.69
494.50,437.66
494.60,437.63
494.70,437.60
494.80,437.57
494.90,437.54
495.00,437.51
495.10,437.48
495.20,437.46
495.30,437.43
495.40,437.40
495.50,437.37
495.60,437.34
495.70,437.31
495.80,437.28
495.90,437.25
496.00,437.22
496.10,437.19
496.20,437.16
496.30,437.13
496.40,437.10
496.50,437.07
496.60,437.05
496.70,437.02
496.80,436.99
496.90,436.96
497.00,436.93
497.10,436.90
497.20,436.87
497.30,436.84
497.40,436.81
497.50,436.78
497.60,436.75
497.70,436.73
497.80,436.70
497.90,436.67
498.00,436.64
498.10,436.61
498.20,436.58
498.30,436.55
498.40,436.52
498.50,436.49
498.60,436.46
498.70,436.43
498.80,436.41
498.90,436.38
499.00,436.35
499.10,436.32
499.20,436.29
499.30,436.26
499.40,436.23
499.50,436.20
499.60,436.17
499.70,436.14
499.80,436.12
499.90,436.09
